<resources>

    <color name="colorPrimary">#e9e9e9</color>
    <color name="colorPrimaryDark">#9e9c9c</color>
    <color name="colorAccent">#FFFFFF</color>
    <color name="backgroundColor">#FFFFFF</color>
    <color name="colorNavBarText">#c8807c7c</color>
    <color name="facebookBlue">#3b5998</color>
    <color name="googleRed">#c04b4c</color>
    <color name="disabledButtonColor">#9D9FA2</color>
    <color name="semiTransparentColor">#47000000</color>
    <color name="transparentColor">#00000000</color>

</resources>