<?xml version="1.0" encoding="utf-8"?>
<resources>
    <!-- Primary app values -->
    <!--<string name="app_cms_baseurl">https://appcmsprod.viewlift.com</string>-->
    <string name="app_cms_baseurl">https://appcms.viewlift.com</string>

    <!--<string name="app_cms_app_name">7fa0ea9a-9799-4417-99f5-cbb5343c551d</string>-->
    <string name="app_cms_app_name">57e4b76f-6168-41af-bdd8-c76a2e5bf798</string>

    <!-- x-api-key -->
    <string name="x_api_key">vdTAMerEdh8t5t7xtUAa199qBKQuFLXb5cuG93ZF</string>

    <!-- AppCMS Facebook Login values -->
    <string name="facebook_app_id">1324523080924996</string>
    <string name="fb_login_protocol_scheme">fb1324523080924996</string>

    <!-- AppCMS Apptentive API -->
    <string name="app_cms_apptentive_api_key">dfde9505539f2dc1d24700c09fb096b5280ed4cbed0828084540ada79a2b00f7</string>

    <!-- apps flyer keys -->
    <string name="app_cms_appsflyer_dev_key">5qcxTGtWfXSo746pkCDawf</string>

    <!-- cast receiver -->
    <string name="chromecast_receiver_app_id">0974224E</string>

    <!-- flag to use HLS or not -->
    <bool name="use_hls">false</bool>

    <!-- Default video resolution -->
    <string name="default_video_resolution">360p</string>

    <bool name="show_navbar">false</bool>
</resources>
