<resources>
    <color name="colorPrimary">#000000</color>
    <color name="colorPrimaryDark">#000000</color>
    <color name="colorAccent">#008EE0</color>
    <color name="backgroundColor">#F81004</color>
    <color name="colorNavBarText">#F81004</color>
    <color name="facebookBlue">#3B5998</color>
    <color name="googleRed">#C04B4C</color>
    <color name="disabledButtonColor">#9D9FA2</color>
    <color name="semiTransparentColor">#47000000</color>
    <color name="transparentColor">#00000000</color>

</resources>
