<?xml version="1.0" encoding="utf-8"?>
<resources>
    <!-- Primary app values -->
    <!--<string name="app_cms_baseurl">https://appcmsprod.viewlift.com</string>-->
    <string name="app_cms_baseurl">https://appcms.viewlift.com</string>

    <string name="app_cms_app_name"></string>

    <!-- x-api-key -->
    <string name="x_api_key"></string>

    <!-- AppCMS Facebook Login values -->
    <string name="facebook_app_id"></string>
    <string name="fb_login_protocol_scheme"></string>

    <!-- AppCMS Apptentive API -->
    <string name="app_cms_apptentive_api_key"></string>

    <!-- apps flyer keys -->
    <string name="app_cms_appsflyer_dev_key"></string>

    <!-- cast receiver -->
    <string name="chromecast_receiver_app_id">772C797E</string>

    <!-- flag to use HLS or not -->
    <bool name="use_hls">true</bool>

    <!-- Default video resolution -->
    <string name="default_video_resolution">360p</string>
</resources>
