{
  "project_info": {
    "project_number": "658336643300",
    "firebase_url": "https://viewlift-cca78.firebaseio.com",
    "project_id": "viewlift-cca78",
    "storage_bucket": "viewlift-cca78.appspot.com"
  },
  "client": [
    {
      "client_info": {
        "mobilesdk_app_id": "1:658336643300:android:4154e68b842b0501",
        "android_client_info": {
          "package_name": "air.com.snagfilms"
        }
      },
      "oauth_client": [
        {
          "client_id": "658336643300-0tvn7bf28j77p8ru5vm9l6ktn0bqpugf.apps.googleusercontent.com",
          "client_type": 3
        }
      ],
      "api_key": [
        {
          "current_key": "AIzaSyD5IdCcQXLrgE_S-whXcc0WLBun6h7FLRA"
        }
      ],
      "services": {
        "analytics_service": {
          "status": 1
        },
        "appinvite_service": {
          "status": 1,
          "other_platform_oauth_client": []
        },
        "ads_service": {
          "status": 2
        }
      }
    },
    {
      "client_info": {
        "mobilesdk_app_id": "1:658336643300:android:1518edc0290a20d1",
        "android_client_info": {
          "package_name": "com.viewlift.hoichoi"
        }
      },
      "oauth_client": [
        {
          "client_id": "658336643300-0tvn7bf28j77p8ru5vm9l6ktn0bqpugf.apps.googleusercontent.com",
          "client_type": 3
        }
      ],
      "api_key": [
        {
          "current_key": "AIzaSyD5IdCcQXLrgE_S-whXcc0WLBun6h7FLRA"
        }
      ],
      "services": {
        "analytics_service": {
          "status": 1
        },
        "appinvite_service": {
          "status": 1,
          "other_platform_oauth_client": []
        },
        "ads_service": {
          "status": 2
        }
      }
    },
    {
      "client_info": {
        "mobilesdk_app_id": "1:658336643300:android:ab6f51a33efd75b3",
        "android_client_info": {
          "package_name": "air.com.agendatv"
        }
      },
      "oauth_client": [
        {
          "client_id": "658336643300-jftml5hosp8sgv1lggb919e3dbaqha6q.apps.googleusercontent.com",
          "client_type": 1,
          "android_info": {
            "package_name": "air.com.agendatv",
            "certificate_hash": "11af64440dd8648e5fed14370e7e638f44f3c5d2"
          }
        },
        {
          "client_id": "658336643300-0tvn7bf28j77p8ru5vm9l6ktn0bqpugf.apps.googleusercontent.com",
          "client_type": 3
        }
      ],
      "api_key": [
        {
          "current_key": "AIzaSyD5IdCcQXLrgE_S-whXcc0WLBun6h7FLRA"
        }
      ],
      "services": {
        "analytics_service": {
          "status": 1
        },
        "appinvite_service": {
          "status": 2,
          "other_platform_oauth_client": [
            {
              "client_id": "658336643300-0tvn7bf28j77p8ru5vm9l6ktn0bqpugf.apps.googleusercontent.com",
              "client_type": 3
            }
          ]
        },
        "ads_service": {
          "status": 2
        }
      }
    }
  ],
  "configuration_version": "1"
}